module,model,id,cat,level_noise_dBFS,level_note_dBFS,level_quiet_dBFS
AMP,Flagman+ 1,93,7,-26.31,-26.18,-31.72
AMP,Mess Bass,119,7,-22.47,-31.35,-51.99
AMP,Flagman 1,64,7,-22.18,-23.2,-28.36
AMP,Flagman+ 2,94,7,-22.18,-22.69,-25.82
AMP,Foxy 30TB,39,7,-21.22,-21.31,-38.88
AMP,Foxy Bass,117,7,-20.54,-22.84,-51.15
AMP,Bass Pre,118,8,-20.48,-26.13,-50.85
AMP,Flagman 2,65,7,-20.47,-20.95,-29.06
AMP,Mini Bass,117,8,-20.4,-20.36,-50.67
AMP,Mess DualV,104,7,-20.0,-20.59,-25.8
AMP,Z38 CL,27,7,-19.71,-17.42,-49.53
AMP,Dizz VH+,106,7,-19.39,-22.95,-24.41
AMP,EV 51,90,7,-19.27,-18.76,-20.94
AMP,Solo100 LD,89,7,-18.81,-19.85,-20.65
AMP,Knights OD,124,7,-18.56,-16.1,-39.22
AMP,Mess2C+ 3,59,7,-18.23,-19.89,-25.23
AMP,Dizz VH,101,7,-18.19,-20.54,-26.03
AMP,Dizz VH S,102,7,-18.08,-21.26,-21.53
AMP,Classic Bass,115,7,-17.96,-21.5,-48.58
AMP,Bog RedM,110,7,-17.93,-18.49,-20.64
AMP,Mess2C+ 1,57,7,-17.74,-19.89,-26.81
AMP,Bog RedV,109,7,-17.61,-18.06,-23.03
AMP,Dizz VH+ S,107,7,-17.46,-20.71,-19.25
AMP,Foxy 15TB,16,7,-17.31,-20.09,-39.23
AMP,BogSV OD,61,7,-17.31,-16.75,-44.42
AMP,J-120 CL,20,7,-17.22,-24.1,-47.69
AMP,Mess DualM,105,7,-16.89,-18.19,-20.21
AMP,Bad-KT OD,75,7,-16.49,-17.0,-31.43
AMP,SUPDual CL,15,7,-16.45,-14.5,-41.73
AMP,Eagle 120+,96,7,-16.41,-19.7,-22.2
AMP,Mess2C+ 2,58,7,-16.24,-19.0,-23.05
AMP,Match CL,21,7,-15.93,-21.25,-45.06
AMP,Bellman 59B,36,7,-15.82,-15.81,-36.34
AMP,SUPDual OD,40,7,-15.76,-14.5,-40.41
AMP,Solo100 OD,71,7,-15.42,-17.81,-27.82
AMP,Foxy 30N,17,7,-15.39,-16.18,-47.21
AMP,Juice R100,83,7,-15.15,-15.33,-23.38
AMP,UK 50JP,47,7,-14.93,-17.47,-27.09
AMP,Juice30 OD,62,7,-14.89,-21.36,-32.87
AMP,Eagle 120,95,7,-14.86,-17.37,-19.66
AMP,UK 900,78,7,-14.6,-19.14,-27.11
AMP,Mess4 LD 3,87,7,-14.58,-16.85,-19.87
AMP,Solo100 CL,35,7,-14.45,-22.55,-43.76
AMP,UK 45,42,7,-14.38,-13.16,-42.0
AMP,Power LD,99,7,-14.24,-14.77,-17.77
AMP,L-Star OD,74,7,-14.21,-13.18,-23.87
AMP,SnapTone 9,8,15,-14.2,-16.19,-31.03
AMP,UK 800,53,7,-14.06,-16.28,-19.69
AMP,Bog BlueM,68,7,-14.05,-14.79,-31.18
AMP,Knights CL+,123,7,-13.95,-31.72,-43.42
AMP,Mess4 LD 2,86,7,-13.9,-15.41,-19.88
AMP,Mess4 LD,85,7,-13.88,-15.09,-22.31
AMP,UK 50+,46,7,-13.72,-16.95,-31.16
AMP,Dark Twin,4,7,-13.69,-17.21,-36.3
AMP,L-Star CL,25,7,-13.68,-16.16,-41.35
AMP,Z38 OD,73,7,-13.54,-10.91,-31.16
AMP,UK 50,45,7,-13.27,-14.05,-29.68
AMP,UK 45JP,44,7,-12.93,-16.86,-21.69
AMP,Dark Vibra,9,7,-12.9,-16.96,-33.29
AMP,Match OD,72,7,-12.82,-14.0,-21.85
AMP,UK 45+,43,7,-12.78,-17.81,-22.93
AMP,Tweedy,1,7,-12.58,-14.28,-40.98
AMP,SnapTone 6,5,15,-12.5,-15.41,-30.86
AMP,SnapTone 7,6,15,-12.5,-15.41,-30.86
AMP,SnapTone 8,7,15,-12.5,-15.41,-30.86
AMP,SnapTone 10,9,15,-12.5,-15.41,-30.86
AMP,Bellman 59N,3,7,-12.33,-13.74,-40.61
AMP,AC Pre,122,8,-12.27,-16.18,-42.45
AMP,AC Pre 2,123,8,-12.27,-16.18,-42.46
AMP,Bog BlueV,67,7,-12.23,-12.64,-32.53
AMP,BogSV CL,26,7,-12.19,-16.66,-41.48
AMP,Dark DLX,5,7,-11.9,-17.6,-38.86
AMP,Silver Twin,13,7,-11.25,-19.58,-29.97
AMP,Bad-KT CL,34,7,-10.71,-18.83,-32.01
AMP,UK SLP,48,7,-10.56,-9.03,-33.38
AMP,Knights CL,31,7,-4.68,-17.95,-32.19
CAB,CAB IR,0,10,-27.53,-25.26,-55.4
DLY,Sweet Echo,13,11,-22.36,-22.8,-30.29
DLY,M-Echo,12,11,-22.33,-23.31,-39.27
DLY,Tape Delay S,33,11,-22.32,-23.17,-38.19
DLY,Digital Delay S,31,11,-22.31,-23.19,-38.83
DLY,Sweep Echo,6,11,-22.28,-22.94,-40.74
DLY,Slapback,5,11,-22.27,-21.93,-32.69
DLY,Broken Delay,50,11,-22.24,-22.88,-36.31
DLY,Tape,2,11,-22.19,-22.11,-35.41
DLY,BBD Delay S,29,11,-22.13,-22.72,-33.5
DLY,Ping Pong,4,11,-22.11,-23.21,-39.37
DLY,Ambience 2,46,11,-22.02,-21.1,-27.19
DLY,Tube,11,11,-21.98,-22.59,-35.6
DLY,Ice Delay,51,11,-21.89,-22.48,-29.06
DLY,Ring Echo,9,11,-21.81,-22.43,-33.57
DLY,Ambience 1,42,11,-21.77,-22.34,-28.08
DLY,Vintage Rack,20,11,-21.75,-22.24,-31.61
DLY,Lofi Echo,38,11,-21.75,-22.31,-30.59
DLY,Dual Echo,3,11,-21.68,-22.2,-29.91
DLY,Rev Echo,40,11,-21.68,-23.05,-31.28
DLY,Analog,1,11,-21.15,-21.59,-29.13
DLY,Pure,0,11,-20.87,-21.24,-28.31
DLY,999 Echo,18,11,-19.77,-20.52,-33.91
DST,Precise OD,28,3,-30.03,-28.19,-36.87
DST,Revolt,50,3,-23.95,-22.07,-27.05
DST,Blues Master,14,3,-23.22,-14.04,-29.37
DST,Black Bass,68,3,-22.38,-19.92,-29.26
DST,Master Dist,46,3,-22.24,-17.97,-22.97
DST,Yellow OD,2,3,-22.12,-18.38,-32.51
DST,Super OD,6,3,-21.75,-18.9,-30.73
DST,Green OD,0,3,-21.17,-16.97,-41.11
DST,OD 9,1,3,-21.17,-16.97,-41.11
DST,Bass OD,64,3,-21.06,-20.48,-28.81
DST,Scream OD,8,3,-20.87,-17.63,-42.66
DST,Penesas,20,3,-20.62,-18.48,-40.09
DST,Tube,11,3,-20.48,-17.94,-29.1
DST,Darktale,43,3,-20.32,-21.02,-25.64
DST,SnapTone 1,0,15,-20.31,-17.67,-20.39
DST,SnapTone 2,1,15,-20.31,-17.67,-20.39
DST,SnapTone 3,2,15,-20.31,-17.67,-20.39
DST,SnapTone 4,3,15,-20.31,-17.67,-20.39
DST,SnapTone 5,4,15,-20.31,-17.67,-20.39
DST,Flagman Dist,82,3,-20.18,-17.62,-20.57
DST,Bass Hammer,81,3,-19.52,-17.72,-45.62
DST,Flex OD,63,3,-19.24,-14.28,-38.15
DST,Timmy OD,30,3,-19.1,-13.8,-38.24
DST,Force,10,3,-18.84,-17.71,-34.14
DST,La Charger,48,3,-18.78,-10.39,-28.63
DST,TaiChi OD,16,3,-18.73,-14.47,-38.74
DST,Master OD,15,3,-18.28,-17.07,-43.91
DST,Blues OD,9,3,-18.17,-17.17,-46.05
DST,Chief,45,3,-17.75,-17.9,-34.8
DST,Plustortion,41,3,-17.4,-13.73,-43.03
DST,Swarm,4,3,-16.46,-13.73,-35.67
DST,Red Haze,36,3,-16.14,-14.33,-22.84
DST,Empire OD,80,3,-15.97,-12.45,-44.19
DST,SM Dist,42,3,-15.62,-10.92,-25.62
DST,Sora Fuzz,38,3,-14.52,-13.37,-21.17
DST,Lazaro,34,3,-10.61,-9.97,-26.17
EQ,Guitar EQ 1,53,1,-22.4,-23.19,-52.2
EQ,Guitar EQ 2,54,1,-22.4,-23.19,-52.2
EQ,Bass EQ 1,57,1,-22.4,-23.19,-52.21
EQ,Bass EQ 2,58,1,-22.4,-23.19,-52.2
EQ,Hyper EQ,67,1,-22.4,-23.19,-52.2
EQ,Mess EQ,60,1,-22.26,-22.55,-52.09
MOD,Auto Swell,45,4,-37.54,-30.61,-35.45
MOD,Vibrato,23,4,-29.92,-32.85,-59.14
MOD,Vibrato T,24,4,-28.98,-29.21,-58.85
MOD,Sine Trem,38,4,-28.42,-28.61,-53.37
MOD,Triangle Trem,39,4,-28.42,-28.9,-53.13
MOD,Bias Trem,40,4,-28.42,-29.21,-52.89
MOD,V-Roto,21,4,-27.06,-24.95,-57.16
MOD,S-Phase,27,4,-26.94,-28.1,-57.27
MOD,Vibe,32,4,-26.45,-31.82,-56.58
MOD,O-Trem,33,4,-24.9,-25.68,-54.7
MOD,Detune,41,1,-24.78,-25.31,-38.24
MOD,Trem Jet,20,4,-24.04,-30.33,-49.05
MOD,G-Roto,22,4,-23.99,-24.82,-54.02
MOD,A-Chorus,0,4,-23.29,-22.67,-53.86
MOD,G-Chorus,1,4,-22.48,-25.15,-52.35
MOD,Hold,47,4,-22.4,-23.19,-52.2
MOD,Freeze,48,4,-22.4,-23.19,-52.2
MOD,C-Chorus,2,4,-22.04,-20.53,-45.13
MOD,M-Chorus,15,4,-22.02,-27.25,-43.87
MOD,B-Chorus,8,4,-21.4,-21.5,-51.17
MOD,N-Jet,19,4,-21.4,-26.26,-49.88
MOD,Bit Smash,46,1,-21.13,-21.07,-51.14
MOD,M-Vibe,31,4,-20.37,-20.84,-49.31
MOD,Pan Phase,30,4,-20.25,-20.58,-48.49
MOD,Jet,17,4,-19.84,-27.06,-48.94
MOD,B-Jet,18,4,-17.91,-27.05,-47.03
MOD,G-Phase,26,4,-17.06,-17.27,-46.78
MOD,O-Phase,25,4,-15.74,-24.55,-44.97
NR,Gate 1,27,0,-22.4,-23.19,-52.21
NR,Gate 2,29,0,-22.4,-23.19,-52.21
NR,Gate 3,33,0,-22.4,-23.19,-52.21
PRE,A-WAH,21,1,-32.2,-34.48,-62.34
PRE,Ring Mod,47,1,-26.64,-27.48,-56.44
PRE,P-Bend,36,1,-24.87,-25.87,-38.23
PRE,COMP,0,0,-23.33,-21.37,-48.75
PRE,COMP4,1,0,-22.81,-21.25,-50.5
PRE,B-Boost,11,0,-22.61,-19.73,-47.08
PRE,14 Boost,14,0,-22.59,-25.38,-53.21
PRE,FAT BB,25,0,-22.51,-20.57,-53.12
PRE,Saturate,51,1,-22.4,-22.37,-51.21
PRE,T-Wah,15,1,-22.27,-25.35,-53.04
PRE,Pitch,35,1,-22.27,-24.13,-36.13
PRE,AC Boost,10,0,-22.11,-19.16,-41.72
PRE,P-Boost,12,0,-20.37,-18.62,-48.43
PRE,OCTA,33,1,-20.26,-22.11,-33.01
PRE,Step Filter,25,1,-20.21,-20.06,-50.42
PRE,S-Comp,3,0,-18.75,-19.41,-48.42
PRE,Harmonizer 1,77,1,-18.59,-20.8,-36.2
PRE,Boost,26,0,-17.13,-16.58,-43.31
PRE,AC Refiner,0,1,-16.83,-25.01,-46.14
PRE,Harmonizer 2,78,1,-15.94,-18.85,-32.63
PRE,AC Sim,1,1,-14.03,-23.74,-43.97
PRE,Micro Boost,20,0,-3.15,-2.09,-29.5
RVB,Club,12,12,-22.52,-23.09,-37.22
RVB,Arena,14,12,-22.51,-22.95,-35.44
RVB,Shimmer,9,12,-22.49,-22.95,-37.05
RVB,Concert,13,12,-22.49,-23.0,-35.13
RVB,Studio,11,12,-22.46,-22.16,-36.69
RVB,Sweet Space,8,12,-22.42,-22.86,-37.14
RVB,Room,0,12,-22.41,-22.89,-37.51
RVB,Hall,1,12,-22.4,-22.99,-36.15
RVB,N-Star,6,12,-22.38,-22.69,-36.46
RVB,Amp Spring,17,12,-22.38,-22.58,-35.14
RVB,Tube Spring,18,12,-22.38,-22.45,-34.57
RVB,Deepsea,7,12,-22.37,-22.74,-37.0
RVB,Plate,3,12,-22.35,-22.86,-36.44
RVB,Church,2,12,-22.34,-22.74,-35.23
RVB,Spring,4,12,-22.15,-22.42,-36.75
VOL,Volume,3,6,-22.4,-23.19,-52.2
WAH,Hammy,73,1,-30.72,-29.18,-61.33
WAH,C-Wah,8,5,-27.64,-24.85,-55.89
WAH,V-Wah,1,5,-26.89,-22.87,-55.13
WAH,B-Wah,7,5,-26.4,-23.82,-49.1
WAH,S-Wah,6,5,-23.95,-22.68,-54.03
WAH,P-Wah,10,5,-20.54,-16.9,-43.82
